keyword,frequency
access,1
account,13
accounts,2
answer,1
arrangement,1
australia,1
authorisation,1
balance,4
bank,2
bills,1
board,2
bto,1
charity,1
cheque,1
children,2
company,1
complaint,1
consultant,1
contribution,1
contributions,3
cpf,26
credentials,1
daughter,1
death,1
debit,1
deduction,1
details,1
direct,1
dog,1
efficiency,1
employee,1
father,1
fees,2
financial,2
guys,1
hangs,1
history,2
hours,1
husband,1
information,1
internet,1
involvement,1
life,2
loading,1
login,2
low,1
medical,1
medication,1
medisave,2
mistakes,1
mobile,1
money,7
nationality,1
nomination,1
number,1
of,2
ordinary,1
outpatient,1
overseas,1
parent,1
parents,1
password,4
payouts,1
planning,1
procedures,1
question,1
retirement,2
savings,2
schemes,1
school,1
service,1
services,2
singaporean,2
singpass,4
skilled,1
staff,1
start,1
studies,1
support,1
surgery,1
transaction,2
troubles,1
university,1
vet,1
website,5
week,1
wife,1
worker,1
workfare,1
year,2
